City_ID,City,Lat,Lng,Max Temp,Humidity,Cloudiness,Wind Speed,Country,Date
0,Broome,42.25,-75.83,37.99,74,1,5.82,US,11/4/2020 9:58
1,Verkhoyansk,67.54,133.38,-15.72,87,49,1.86,RU,11/4/2020 9:58
2,Kapaa,22.08,-159.32,78.8,88,40,12.75,US,11/4/2020 9:58
3,Aklavik,68.22,-135.01,6.8,77,2,4.7,CA,11/4/2020 9:58
4,Suzun,53.78,82.31,30.79,91,100,12.46,RU,11/4/2020 9:58
5,Mount Isa,-20.73,139.5,95,16,10,4.7,AU,11/4/2020 9:58
6,Khatanga,71.97,102.5,-5.15,92,69,7.9,RU,11/4/2020 9:58
7,Bluff,-46.6,168.33,57.99,91,37,1.72,NZ,11/4/2020 9:58
8,Yemelyanovo,56.17,92.68,28.4,79,85,13.42,RU,11/4/2020 9:58
9,Karpathos,35.51,27.21,71.6,60,40,31.09,GR,11/4/2020 9:58
10,Guaymas,27.93,-110.9,66.99,36,0,5.01,MX,11/4/2020 9:58
11,Shahrud,36.42,54.98,68.65,23,26,2.59,IR,11/4/2020 9:58
12,Gondar,12.6,37.47,74.95,34,2,5.91,ET,11/4/2020 9:58
13,Rikitea,-23.12,-134.97,72.64,81,93,16.6,PF,11/4/2020 9:58
14,Tilichiki,60.47,166.1,34.54,100,100,28.1,RU,11/4/2020 9:58
15,Tasiilaq,65.61,-37.64,32,97,97,4.7,GL,11/4/2020 9:58
16,Ponta Do Sol,32.67,-17.1,64.4,72,75,19.46,PT,11/4/2020 9:58
17,Bida,9.08,6.02,90.46,29,93,7.54,NG,11/4/2020 9:58
18,Ushuaia,-54.8,-68.3,44.6,65,75,2.24,AR,11/4/2020 9:54
19,Pevek,69.7,170.31,-2.09,88,0,10.09,RU,11/4/2020 9:58
20,Vallenar,-28.57,-70.76,51.31,85,87,2.01,CL,11/4/2020 9:58
21,Puerto Ayora,-0.74,-90.35,68,88,49,4,EC,11/4/2020 9:58
22,Lavrentiya,65.58,-171,16.81,83,0,7.78,RU,11/4/2020 9:58
23,Thompson,55.74,-97.86,23,100,90,3.38,CA,11/4/2020 9:58
24,Jamestown,42.1,-79.24,44.01,65,1,9.17,US,11/4/2020 9:55
25,Mataura,-46.19,168.86,57.99,91,3,2.01,NZ,11/4/2020 9:58
26,Pimentel,-6.84,-79.93,60.39,91,8,8.59,PE,11/4/2020 9:58
27,Albany,42.6,-73.97,32,74,10,3.89,US,11/4/2020 9:58
28,Vaini,-21.2,-175.2,75.2,83,75,13.87,TO,11/4/2020 9:58
29,Haines Junction,60.75,-137.51,-11.2,83,99,1.81,CA,11/4/2020 9:58
30,Yishui,35.78,118.63,51.62,45,77,6.91,CN,11/4/2020 9:58
31,Alice Springs,-23.7,133.88,95,8,8,8.05,AU,11/4/2020 9:58
32,Castro,-24.79,-50.01,53.53,88,8,3.24,BR,11/4/2020 9:58
33,Georgetown,5.41,100.34,84.2,79,20,5.82,MY,11/4/2020 9:58
34,Bredasdorp,-34.53,20.04,73.4,69,75,11.41,ZA,11/4/2020 9:55
35,Qaanaaq,77.48,-69.36,-4.05,82,88,3.96,GL,11/4/2020 9:58
36,Busselton,-33.65,115.33,64,66,96,1.01,AU,11/4/2020 9:58
37,Iturama,-19.73,-50.2,68.49,62,0,9.19,BR,11/4/2020 9:58
38,Obo,5.4,26.49,88.14,56,99,7.14,CF,11/4/2020 9:58
39,Jalu,29.03,21.55,74.39,44,0,8.66,LY,11/4/2020 9:58
40,Hithadhoo,-0.6,73.08,84.27,69,85,7.67,MV,11/4/2020 9:54
41,Severo-Kurilsk,50.68,156.12,39.74,74,100,10.31,RU,11/4/2020 9:58
42,Buraydah,26.33,43.98,84.2,23,0,11.41,SA,11/4/2020 9:57
43,Mahibadhoo,3.78,72.97,83.71,64,22,1.34,MV,11/4/2020 9:58
44,Tautira,-17.73,-149.15,80.6,78,0,11.41,PF,11/4/2020 9:58
45,George,-33.96,22.46,71.6,73,75,11.41,ZA,11/4/2020 9:57
46,Sao Jose Da Coroa Grande,-8.9,-35.15,79.83,75,45,10.2,BR,11/4/2020 9:58
47,Torbay,47.67,-52.73,39.99,93,90,16.11,CA,11/4/2020 9:54
48,Semnan,35.57,53.4,73.72,19,0,4.41,IR,11/4/2020 9:58
49,Roald,62.58,6.13,44.6,81,75,19.46,NO,11/4/2020 9:58
50,Yarmouth,41.71,-70.23,41,51,90,1.41,US,11/4/2020 9:58
51,Bagay,11.2,124.03,82.29,76,100,5.75,PH,11/4/2020 9:58
52,Manbij,36.53,37.95,57.2,87,75,9.17,SY,11/4/2020 9:58
53,Dingle,11,122.67,78.37,86,100,3.06,PH,11/4/2020 9:58
54,Bathsheba,13.22,-59.52,78.8,74,40,17.22,BB,11/4/2020 9:58
55,Port Alfred,-33.59,26.89,70.92,72,100,8.63,ZA,11/4/2020 9:58
56,Acarau,-2.89,-40.12,81.61,73,37,10.96,BR,11/4/2020 9:58
57,Hobart,-42.88,147.33,55.4,54,75,17.22,AU,11/4/2020 9:57
58,Barrow,71.29,-156.79,26.6,73,90,17.22,US,11/4/2020 9:58
59,Itarema,-2.92,-39.92,81.63,72,31,10.6,BR,11/4/2020 9:57
60,Salalah,17.02,54.09,84.2,51,0,11.41,OM,11/4/2020 9:58
61,Shache,38.42,77.24,67.24,16,0,11.25,CN,11/4/2020 9:58
62,Kodiak,57.79,-152.41,26.6,49,1,6.26,US,11/4/2020 9:58
63,Atuona,-9.8,-139.03,78.24,80,17,22.19,PF,11/4/2020 9:58
64,Road Town,18.42,-64.62,80.01,80,90,11.99,VG,11/4/2020 9:58
65,Cape Town,-33.93,18.42,78.8,50,20,9.17,ZA,11/4/2020 9:58
66,Butaritari,3.07,172.79,81.75,73,100,16.33,KI,11/4/2020 9:58
67,Avarua,-21.21,-159.78,73.4,83,100,11.41,CK,11/4/2020 9:54
68,Souillac,-20.52,57.52,78.8,50,75,13.87,MU,11/4/2020 9:58
69,Bollnas,61.35,16.39,45.14,72,29,12.15,SE,11/4/2020 9:58
70,Limbang,4.75,115,84.2,79,75,6.93,MY,11/4/2020 9:58
71,Ribeira Grande,38.52,-28.7,60.8,63,75,13.87,PT,11/4/2020 9:58
72,Ndjole,-0.18,10.76,76.51,92,94,1.86,GA,11/4/2020 9:58
73,Nikolskoye,59.7,30.79,48.2,81,75,6.71,RU,11/4/2020 9:58
74,Kieta,-6.22,155.63,81.48,75,100,5.5,PG,11/4/2020 9:58
75,Kuching,1.55,110.33,75.2,100,40,2.46,MY,11/4/2020 9:58
76,Kuryk,43.2,51.65,72.95,20,100,20.74,KZ,11/4/2020 9:58
77,Taoudenni,22.68,-3.98,86.97,13,0,3.76,ML,11/4/2020 9:58
78,Pangnirtung,66.15,-65.71,9.86,80,40,11.23,CA,11/4/2020 9:58
79,Panguna,-6.32,155.48,70.86,100,100,3.56,PG,11/4/2020 9:58
80,Verkh-Usugli,52.7,115.17,21.67,88,81,1.74,RU,11/4/2020 9:58
81,Chalon-Sur-Saone,46.78,4.85,48,90,98,8.01,FR,11/4/2020 9:58
82,New Norfolk,-42.78,147.06,55,63,96,3,AU,11/4/2020 9:58
83,Orlik,52.52,99.83,19.45,86,100,4.34,RU,11/4/2020 9:58
84,Chicama,-7.84,-79.15,58.24,86,3,2.44,PE,11/4/2020 9:58
85,Port Elizabeth,-33.92,25.57,75.2,69,75,8.05,ZA,11/4/2020 9:54
86,Hermanus,-34.42,19.23,75.99,67,81,8.01,ZA,11/4/2020 9:57
87,Birjand,32.87,59.22,75.2,6,0,6.93,IR,11/4/2020 9:58
88,Port Hedland,-20.32,118.57,87.8,40,40,13.87,AU,11/4/2020 9:58
89,San Cristobal,7.77,-72.22,65.79,91,96,1.12,VE,11/4/2020 9:58
90,Saint Anthony,45.02,-93.22,48.99,75,1,4.79,US,11/4/2020 9:58
91,Sorland,67.67,12.69,42.8,87,75,3.36,NO,11/4/2020 9:58
92,Punta Arenas,-53.15,-70.92,42.8,93,90,10.29,CL,11/4/2020 9:58
93,Arraial Do Cabo,-22.97,-42.03,66.2,93,75,5.82,BR,11/4/2020 9:58
94,Saskylakh,71.92,114.08,-1.35,92,92,5.06,RU,11/4/2020 9:58
95,Praia Da Vitoria,38.73,-27.07,59,72,75,19.66,PT,11/4/2020 9:58
96,Alofi,-19.06,-169.92,73.4,88,31,17.22,NU,11/4/2020 9:58
97,Vestmannaeyjar,63.44,-20.27,48.2,93,90,26.4,IS,11/4/2020 9:58
98,Alta Floresta,-9.88,-56.09,71.58,97,93,1.86,BR,11/4/2020 9:58
99,Visby,57.64,18.3,52,81,0,17.22,SE,11/4/2020 9:58
100,Komsomolskiy,40.43,71.72,62.6,20,0,4.7,UZ,11/4/2020 9:58
101,Potsdam,52.4,13.07,54,68,2,1.99,DE,11/4/2020 9:58
102,Chhaprauli,29.22,77.18,86.43,14,0,8.05,IN,11/4/2020 9:58
103,Tiksi,71.69,128.87,4.69,94,100,4.74,RU,11/4/2020 9:58
104,Vengerovo,55.68,76.75,33.76,82,100,19.19,RU,11/4/2020 9:58
105,Solwezi,-12.17,26.39,78.98,55,99,3.69,ZM,11/4/2020 9:58
106,Port Lincoln,-34.73,135.87,54.14,68,23,16.11,AU,11/4/2020 9:56
107,Tuatapere,-46.13,167.68,57.99,91,72,3.65,NZ,11/4/2020 9:58
108,Tekkali,18.62,84.23,83.34,69,12,10.27,IN,11/4/2020 9:58
109,Talnakh,69.49,88.4,-0.4,84,0,2.24,RU,11/4/2020 9:58
110,Fortuna,40.6,-124.16,55,81,90,6.93,US,11/4/2020 9:58
111,Namatanai,-3.67,152.43,81.32,80,100,6.08,PG,11/4/2020 9:58
112,Mehamn,71.04,27.85,39.2,69,0,16.11,NO,11/4/2020 9:58
113,Cherskiy,68.75,161.3,-3.86,82,74,6.06,RU,11/4/2020 9:58
114,Kavieng,-2.57,150.8,84.16,71,100,3.83,PG,11/4/2020 9:58
115,Bethel,41.37,-73.41,33.01,86,1,2.46,US,11/4/2020 9:58
116,Ostrovnoy,68.05,39.51,36.88,88,100,19.33,RU,11/4/2020 9:58
117,La Ronge,55.1,-105.28,37.4,93,100,3.36,CA,11/4/2020 9:58
118,Narsaq,60.92,-46.05,33.8,69,99,20.8,GL,11/4/2020 9:58
119,Dikson,73.51,80.55,1.33,92,0,8.97,RU,11/4/2020 9:58
120,Airai,-8.93,125.41,66.65,87,100,1.19,TL,11/4/2020 9:58
121,San Patricio,28.02,-97.52,55.99,100,40,1.45,US,11/4/2020 9:58
122,Kawalu,-7.38,108.21,77.22,86,89,3.58,ID,11/4/2020 9:58
123,Chuy,-33.7,-53.46,57.51,69,0,6.87,UY,11/4/2020 9:58
124,Suda,59.15,37.56,46.4,87,90,6.71,RU,11/4/2020 9:58
125,Los Llanos De Aridane,28.66,-17.92,68,88,75,12.75,ES,11/4/2020 9:58
126,Celestun,20.87,-90.4,74.53,79,99,14.32,MX,11/4/2020 9:58
127,Luderitz,-26.65,15.16,69.04,62,32,10.45,NA,11/4/2020 9:58
128,Mao,39.89,4.27,66.2,68,40,16.11,ES,11/4/2020 9:58
129,Havelock,34.88,-76.9,45,93,1,3.96,US,11/4/2020 9:57
130,Mbekenyera,-10,38.98,94.96,25,38,5.91,TZ,11/4/2020 9:58
131,Longyearbyen,78.22,15.64,30.2,74,75,14.99,SJ,11/4/2020 9:58
132,Shenjiamen,29.96,122.3,60.76,63,94,12.5,CN,11/4/2020 9:58
133,Lata,40.16,-8.33,53.01,75,100,5.99,PT,11/4/2020 9:58
134,Lagoa,39.05,-27.98,60.44,69,98,21,PT,11/4/2020 9:58
135,Tornio,65.85,24.15,42.8,93,79,13.87,FI,11/4/2020 9:58
136,Werda,-25.27,23.28,89.22,28,99,17.83,BW,11/4/2020 9:58
137,Hambantota,6.12,81.12,80.6,100,90,4.7,LK,11/4/2020 9:58
138,Laguna,38.42,-121.42,50,81,1,3.36,US,11/4/2020 9:58
139,Kiryu,36.4,139.33,50,54,37,3,JP,11/4/2020 9:57
140,Yei,4.09,30.68,84.09,57,49,4.85,SS,11/4/2020 9:58
141,Mamlyutka,54.94,68.54,30.2,92,90,17.9,KZ,11/4/2020 9:58
142,Anadyr,64.75,177.48,23,79,75,8.95,RU,11/4/2020 9:58
143,Bengkulu,-3.8,102.27,81.21,78,100,4.18,ID,11/4/2020 9:58
144,Kodinsk,58.69,99.18,23.13,95,100,6.69,RU,11/4/2020 9:58
145,Djibo,14.1,-1.63,94.15,19,78,12.41,BF,11/4/2020 9:58
146,Hilo,19.73,-155.09,75.2,88,90,3.36,US,11/4/2020 9:58
147,Paamiut,61.99,-49.67,31.46,93,100,29.1,GL,11/4/2020 9:58
148,Mogadishu,2.04,45.34,82.4,65,75,8.05,SO,11/4/2020 9:58
149,Ariquemes,-9.91,-63.04,71.62,94,80,0.49,BR,11/4/2020 9:58
150,Muros,42.78,-9.06,46.99,81,20,9.17,ES,11/4/2020 9:58
151,Norman Wells,65.28,-126.83,-2.2,84,75,2.24,CA,11/4/2020 9:58
152,Krasnoselkup,65.7,82.47,11.88,96,100,10.33,RU,11/4/2020 9:58
153,Fandriana,-20.23,47.38,83.21,25,0,7.31,MG,11/4/2020 9:58
154,Yellowknife,62.46,-114.35,3.2,77,75,11.41,CA,11/4/2020 9:58
155,Sindor,62.86,51.89,40.69,91,95,10.18,RU,11/4/2020 9:58
156,Mar Del Plata,-38,-57.56,60.01,87,20,12.75,AR,11/4/2020 9:57
157,Xining,36.62,101.77,42.55,58,100,5.95,CN,11/4/2020 9:58
158,Cidreira,-30.18,-50.21,60.6,72,9,10.76,BR,11/4/2020 9:58
159,Moroto,2.53,34.67,82.44,36,8,14.7,UG,11/4/2020 9:58
160,Sabha,27.04,14.43,75.58,30,0,9.22,LY,11/4/2020 9:58
161,Faya,18.39,42.45,75.2,33,20,3.36,SA,11/4/2020 9:58
162,Lianzhou,24.78,112.38,64.76,69,21,2.46,CN,11/4/2020 9:58
163,Upernavik,72.79,-56.15,21.31,96,100,13.76,GL,11/4/2020 9:58
164,Faanui,-16.48,-151.75,78.8,82,100,17.58,PF,11/4/2020 9:58
165,Walvis Bay,-22.96,14.51,64.99,68,14,5.82,NA,11/4/2020 9:58
166,Ilulissat,69.22,-51.1,35.6,55,100,16.11,GL,11/4/2020 9:58
167,Arkhipo-Osipovka,44.37,38.52,61.52,62,98,14,RU,11/4/2020 9:58
168,Sao Filipe,14.9,-24.5,78.28,73,53,5.79,CV,11/4/2020 9:58
169,Clyde River,70.47,-68.59,5,71,20,10.29,CA,11/4/2020 9:58
170,Victoria,22.29,114.16,73.99,70,5,16.8,HK,11/4/2020 9:58
171,Ayan,56.45,138.17,16,87,100,28.66,RU,11/4/2020 9:58
172,Atambua,-9.11,124.89,80.1,71,99,2.48,ID,11/4/2020 9:58
173,High Level,58.52,-117.14,14,92,90,10.29,CA,11/4/2020 9:58
174,Cabo Rojo,18.09,-67.15,77,73,85,1.01,PR,11/4/2020 9:58
175,Kiama,-34.68,150.87,71.01,69,91,5.39,AU,11/4/2020 9:58
176,Meulaboh,4.14,96.13,81.95,81,96,2.93,ID,11/4/2020 9:58
177,Codrington,-38.27,141.97,51.55,84,36,16.64,AU,11/4/2020 9:58
178,Rawson,-43.3,-65.1,69.21,30,95,9.55,AR,11/4/2020 9:57
179,Karratha,-20.74,116.85,84.97,39,0,14.09,AU,11/4/2020 9:58
180,Maceio,-9.67,-35.74,80.6,78,40,11.41,BR,11/4/2020 9:57
181,Asau,46.43,26.4,48,84,46,3.87,RO,11/4/2020 9:58
182,Storforshei,66.4,14.52,39.99,93,75,7.74,NO,11/4/2020 9:58
183,Pochutla,15.74,-96.47,73,89,73,1.01,MX,11/4/2020 9:58
184,Hofn,64.25,-15.21,42.8,93,90,11.41,IS,11/4/2020 9:58
185,Rocha,-34.48,-54.33,53.33,80,12,1.54,UY,11/4/2020 9:58
186,Klaksvik,62.23,-6.59,46.4,81,75,19.46,FO,11/4/2020 9:58
187,Riverton,40.52,-111.94,57,57,1,5.82,US,11/4/2020 9:58
188,Les Cayes,18.2,-73.75,76.39,83,100,5.14,HT,11/4/2020 9:58
189,Teluknaga,-6.1,106.64,86,66,20,4.7,ID,11/4/2020 9:58
190,Tarragona,41.13,1.25,53.6,87,75,9.17,ES,11/4/2020 9:58
191,Namibe,-15.2,12.15,73.4,64,20,6.93,AO,11/4/2020 9:58
192,Saint-Philippe,-21.36,55.77,77,61,90,20.8,RE,11/4/2020 9:58
193,Monticello,45.31,-93.79,44.01,86,1,6.67,US,11/4/2020 9:58
194,Ixtapa,20.7,-105.2,72,78,0,1.01,MX,11/4/2020 9:58
195,Ushtobe,45.25,77.98,47.21,49,27,12.12,KZ,11/4/2020 9:58
196,Abha,18.22,42.51,75.2,33,20,3.36,SA,11/4/2020 9:58
197,Inhambane,-23.86,35.38,86,66,20,16.11,MZ,11/4/2020 9:58
198,Kanye,-24.97,25.33,80.28,40,62,10.65,BW,11/4/2020 9:58
199,North Bend,43.41,-124.22,59,100,90,5.82,US,11/4/2020 9:58
200,Santa Barbara,34.73,-120.03,50,100,90,6.31,US,11/4/2020 9:55
201,San Quintin,30.48,-115.95,52,10,100,4,MX,11/4/2020 9:58
202,Nurota,40.56,65.69,71.6,12,0,13.87,UZ,11/4/2020 9:58
203,Skibbereen,51.55,-9.27,41,80,0,9.17,IE,11/4/2020 9:58
204,Imbituba,-28.24,-48.67,62.6,77,0,11.41,BR,11/4/2020 9:58
205,Isangel,-19.55,169.27,74.62,86,100,3.27,VU,11/4/2020 9:58
206,Coquimbo,-29.95,-71.34,53.6,93,100,2.24,CL,11/4/2020 9:55
207,Santa Vitoria Do Palmar,-33.52,-53.37,57.69,68,2,6.6,BR,11/4/2020 9:58
208,Caraballeda,10.61,-66.85,77,74,20,8.19,VE,11/4/2020 9:58
209,Husavik,66.04,-17.34,55.4,50,75,20.8,IS,11/4/2020 9:58
210,Saint-Francois,46.42,3.91,50,93,0,3.36,FR,11/4/2020 9:58
211,Gaogou,34.02,119.19,55.45,39,71,4.5,CN,11/4/2020 9:58
212,Sfantu Gheorghe,45.87,25.78,51.01,66,25,4.81,RO,11/4/2020 9:58
213,Mount Gambier,-37.83,140.77,53.6,71,75,16.11,AU,11/4/2020 9:58
214,Yayva,59.33,57.26,32,83,75,1.99,RU,11/4/2020 9:58
215,Kuala Terengganu,5.33,103.14,77,94,40,1.88,MY,11/4/2020 9:58
216,Champerico,14.3,-91.92,61,89,74,1.99,GT,11/4/2020 9:58
217,Te Anau,-45.42,167.72,56.57,91,100,3.69,NZ,11/4/2020 9:58
218,Goleniow,53.56,14.83,54,70,20,11.41,PL,11/4/2020 9:58
219,Kabare,-2.47,28.82,77.2,56,77,4.5,CD,11/4/2020 9:58
220,Bitung,1.45,125.18,80.6,88,40,2.24,ID,11/4/2020 9:58
221,Flinders,-34.58,150.86,71.01,80,96,1.01,AU,11/4/2020 9:58
222,Ruwi,23.6,58.55,89.6,22,0,9.17,OM,11/4/2020 9:58
223,Aksarka,66.56,67.8,34.66,99,100,9.42,RU,11/4/2020 9:58
224,Homberg,51.03,9.4,48,81,20,2.24,DE,11/4/2020 9:58
225,Katsuura,35.13,140.3,59,38,20,4.7,JP,11/4/2020 9:58
226,Tecoanapa,16.52,-98.75,75.61,66,59,4.74,MX,11/4/2020 9:58
227,Joshimath,30.57,79.57,58.71,31,19,7.25,IN,11/4/2020 9:58
228,Tuy Hoa,13.08,109.3,77.38,83,96,11.65,VN,11/4/2020 9:58
229,Saldanha,-33.01,17.94,71.6,77,40,11.41,ZA,11/4/2020 9:58
230,Matam,15.62,-13.33,80.6,61,0,2.24,SN,11/4/2020 9:58
231,Nouadhibou,20.93,-17.03,69.8,64,0,16.11,MR,11/4/2020 9:58
232,Concepcion Del Uruguay,-32.48,-58.24,57.99,76,0,4,AR,11/4/2020 9:58
233,Phetchabun,16.25,101.08,86,58,75,5.82,TH,11/4/2020 9:58
234,Mexico,15.06,120.72,84.2,74,75,4.7,PH,11/4/2020 9:54
235,Roshchino,60.25,29.61,48.99,90,90,13,RU,11/4/2020 9:58
236,Marabba,12.35,32.18,99.14,20,89,13.73,SD,11/4/2020 9:58
237,Samarai,-10.62,150.67,80.55,82,97,13.82,PG,11/4/2020 9:58
238,Kourou,5.16,-52.65,77,100,40,6.64,GF,11/4/2020 9:58
239,Tocopilla,-22.09,-70.2,58.14,63,24,2.48,CL,11/4/2020 9:58
240,Atar,20.52,-13.05,78.8,36,16,2.24,MR,11/4/2020 9:58
241,Antunez,19.02,-102.2,67.75,63,10,1.07,MX,11/4/2020 9:58
242,Isla Vista,34.41,-119.86,62.01,93,1,4.7,US,11/4/2020 9:54
243,Berlevag,70.86,29.09,35.6,69,0,16.11,NO,11/4/2020 9:58
244,Manadhoo,5.77,73.38,82.78,65,0,1.7,MV,11/4/2020 9:58
245,Esperance,-33.87,121.9,59,58,98,17.22,AU,11/4/2020 9:58
246,Vostok,46.49,135.88,18.68,85,0,12.08,RU,11/4/2020 9:58
247,Emerald,-23.53,148.17,84.2,39,0,8.05,AU,11/4/2020 9:58
248,Hami,42.8,93.45,52.18,36,58,6.85,CN,11/4/2020 9:58
249,Dawei,14.08,98.2,83.48,77,58,3.31,MM,11/4/2020 9:58
250,Kaitangata,-46.28,169.85,57,94,5,1.99,NZ,11/4/2020 9:58
251,Wajima,37.4,136.9,42.8,100,40,1.12,JP,11/4/2020 9:58
252,Avera,33.19,-82.53,39.2,52,1,5.01,US,11/4/2020 9:58
253,Tual,-5.67,132.75,84,70,100,8.41,ID,11/4/2020 9:58
254,Vardo,70.37,31.11,33.8,86,0,31.09,NO,11/4/2020 9:58
255,San Carlos,9.66,-68.58,71.19,94,68,2.86,VE,11/4/2020 9:58
256,Marawi,8,124.29,82.99,81,96,2.04,PH,11/4/2020 9:58
257,Salamanca,40.83,-6,44.01,80,20,13.87,ES,11/4/2020 9:58
258,Metro,-5.11,105.31,83.08,75,85,5.99,ID,11/4/2020 9:58
259,Oropesa,-13.59,-71.77,50.32,67,97,1.66,PE,11/4/2020 9:58
260,Jaciara,-15.97,-54.97,72.09,62,48,1.19,BR,11/4/2020 9:58
261,San Matias,-16.37,-58.4,71.89,53,86,1.25,BO,11/4/2020 9:58
262,Ishikari,43.24,141.35,42.8,75,75,16.11,JP,11/4/2020 9:58
263,Nola,40.92,14.53,69.01,67,94,1.5,IT,11/4/2020 9:58
264,Tezu,27.92,96.17,78.04,74,1,1.5,IN,11/4/2020 9:58
265,Northam,51.03,-4.22,48.99,83,0,7,GB,11/4/2020 9:58
266,Carnarvon,-24.87,113.63,78.8,65,0,23.04,AU,11/4/2020 9:58
267,Hasaki,35.73,140.83,50,76,20,2.24,JP,11/4/2020 9:58
268,Partizanskoye,55.5,94.39,26.71,92,97,13.09,RU,11/4/2020 9:58
269,Moose Factory,51.26,-80.61,26.6,86,90,6.93,CA,11/4/2020 9:58
270,Gigmoto,13.78,124.39,77.41,87,100,6.91,PH,11/4/2020 9:58
271,Nome,64.5,-165.41,24.01,73,1,13.87,US,11/4/2020 9:57
272,Mnogovershinnyy,53.94,139.92,17.4,96,100,19.75,RU,11/4/2020 9:58
273,Skjervoy,70.03,20.97,41,60,0,12.75,NO,11/4/2020 9:58
274,El Fuerte,26.42,-108.62,73.18,47,0,3.24,MX,11/4/2020 9:58
275,Manono,-7.3,27.42,85.86,65,99,2.77,CD,11/4/2020 9:58
276,Bhola,22.68,90.65,82.56,72,23,0.87,BD,11/4/2020 9:58
277,Tuktoyaktuk,69.45,-133.04,8.89,95,98,12.84,CA,11/4/2020 9:58
278,Plettenberg Bay,-34.05,23.37,72.48,63,67,10.69,ZA,11/4/2020 9:58
279,Vao,-22.67,167.48,73.45,84,100,4.09,NC,11/4/2020 9:58
280,Lagos,6.58,3.75,80.6,88,20,2.68,NG,11/4/2020 9:55
281,Bonito Oriental,15.75,-85.74,75.6,95,100,8.52,HN,11/4/2020 9:58
282,Tarko-Sale,64.92,77.78,24.76,98,100,5.08,RU,11/4/2020 9:58
283,Ushirombo,-3.49,31.96,89.44,35,65,3.94,TZ,11/4/2020 9:58
284,Pierre,44.37,-100.35,42.8,60,1,3.36,US,11/4/2020 9:58
285,Fairbanks,64.84,-147.72,-23.8,67,20,1.34,US,11/4/2020 9:54
286,Katobu,-4.94,122.53,80.67,76,99,5.17,ID,11/4/2020 9:58
287,Ahipara,-35.17,173.17,62.85,88,100,10.22,NZ,11/4/2020 9:58
288,Hobro,56.64,9.79,51.01,83,40,8.01,DK,11/4/2020 9:58
289,Nekrasovskoye,57.68,40.37,46.4,93,90,6.71,RU,11/4/2020 9:58
290,Ladario,-19,-57.6,68,94,0,0.87,BR,11/4/2020 9:58
291,Menomonie,44.88,-91.92,46.99,86,1,5.57,US,11/4/2020 9:54
292,Mahebourg,-20.41,57.7,78.8,50,75,13.87,MU,11/4/2020 9:58
293,Beringovskiy,63.05,179.32,31.93,97,100,10.45,RU,11/4/2020 9:58
294,Karabuk,41.2,32.63,61.05,42,99,4.21,TR,11/4/2020 9:58
295,Painesville,41.72,-81.25,50,49,1,9.17,US,11/4/2020 9:58
296,Tsiroanomandidy,-18.77,46.03,96.82,23,20,3.38,MG,11/4/2020 9:58
297,Theunissen,-28.41,26.7,78.64,38,100,12.44,ZA,11/4/2020 9:58
298,Severnoye,56.35,78.36,32.77,85,100,18.16,RU,11/4/2020 9:58
299,Manaure,11.78,-72.44,80.08,81,54,13.96,CO,11/4/2020 9:58
300,Vila,42.03,-8.16,45,81,26,5.01,PT,11/4/2020 9:58
301,Seoul,37.57,126.98,46.4,36,1,4.74,KR,11/4/2020 9:58
302,Vila Franca Do Campo,37.72,-25.43,60.8,67,40,12.75,PT,11/4/2020 9:58
303,Saint George,37.1,-113.58,57.2,40,1,6.93,US,11/4/2020 9:58
304,Pontianak,-0.03,109.33,81.32,79,100,4.61,ID,11/4/2020 9:58
305,Mazatlan,23.22,-106.42,75.99,94,5,4.23,MX,11/4/2020 9:58
306,Lorengau,-2.02,147.27,82.18,76,49,4.5,PG,11/4/2020 9:58
307,Ternate,0.8,127.4,82.51,74,86,1.66,ID,11/4/2020 9:58
308,Lardos,36.09,28.02,73,52,20,11.41,GR,11/4/2020 9:58
309,Saint-Joseph,-21.37,55.62,77,61,90,20.8,RE,11/4/2020 9:58
310,Mandalgovi,45.76,106.27,29.03,76,0,3.06,MN,11/4/2020 9:58
311,Lebu,-37.62,-73.65,51.94,94,52,7.16,CL,11/4/2020 9:58
312,Mantua,45.17,10.78,63,80,60,3,IT,11/4/2020 9:58
313,Kamenka,51.32,42.77,52,78,7,8.9,RU,11/4/2020 9:58
314,Mullingar,53.53,-7.35,45,91,0,4,IE,11/4/2020 9:58
315,San Rafael,-34.62,-68.33,68.52,38,36,10.87,AR,11/4/2020 9:55
316,Qarchak,35.44,51.57,77,12,75,9.17,IR,11/4/2020 9:58
317,Margate,51.38,1.39,52,71,0,3,GB,11/4/2020 9:58
318,Oranjestad,12.52,-70.03,80.6,78,20,12.75,AW,11/4/2020 9:58
319,Santa Fe,-31.63,-60.7,64,64,0,1.99,AR,11/4/2020 9:57
320,Eenhana,-17.47,16.33,91.4,13,0,3.36,NA,11/4/2020 9:58
321,Kahului,20.89,-156.47,80.6,69,20,14.99,US,11/4/2020 9:58
322,Balaipungut,1.05,101.28,83.08,76,100,2.15,ID,11/4/2020 9:58
323,Cassilandia,-19.11,-51.73,68.76,48,0,3.44,BR,11/4/2020 9:58
324,Nianzishan,47.52,122.88,30.02,72,69,4.03,CN,11/4/2020 9:58
325,Deputatskiy,69.3,139.9,-18.58,85,0,1.88,RU,11/4/2020 9:58
326,Quatre Cocos,-20.21,57.76,78.8,50,75,13.87,MU,11/4/2020 9:58
327,San Antonio,29.42,-98.49,52,87,1,3.36,US,11/4/2020 9:55
328,Dongning,44.06,131.12,30.24,72,0,8.63,CN,11/4/2020 9:58
329,Yeppoon,-23.13,150.73,73.4,64,0,8.05,AU,11/4/2020 9:58
330,Nan,18.83,100.67,84.2,62,75,4.7,TH,11/4/2020 9:58
331,Abatskoye,56.29,70.46,37.08,76,71,16.51,RU,11/4/2020 9:58
332,Mount Forest,43.98,-80.72,46.99,70,0,9.17,CA,11/4/2020 9:58
333,San Luis,-33.3,-66.34,68.18,33,86,16.51,AR,11/4/2020 9:58
334,Vila Velha,-20.33,-40.29,68,88,75,3.33,BR,11/4/2020 9:58
335,Khash,28.22,61.22,78.87,14,0,5.82,IR,11/4/2020 9:58
336,Dohar,23.59,90.15,89.6,55,20,9.17,BD,11/4/2020 9:58
337,Zhangye,38.93,100.45,48.88,39,92,3.49,CN,11/4/2020 9:58
338,Heilbron,-27.28,27.97,75.45,44,92,9.78,ZA,11/4/2020 9:58
339,Dehloran,32.69,47.27,87.87,14,0,7.02,IR,11/4/2020 9:58
340,Iracoubo,5.48,-53.2,77.77,89,100,8.1,GF,11/4/2020 9:58
341,Kamsack,51.57,-101.9,32,73,40,4.7,CA,11/4/2020 9:58
342,Chokurdakh,70.63,147.92,-17.18,79,0,1.5,RU,11/4/2020 9:58
343,Thunder Bay,48.4,-89.32,26.6,100,5,4.7,CA,11/4/2020 9:58
344,Gubkinskiy,64.43,76.5,31.91,99,100,14.94,RU,11/4/2020 9:58
345,Gebre Guracha,9.8,38.4,69.31,36,0,3.42,ET,11/4/2020 9:58
346,Surt,31.21,16.59,71.87,51,13,5.01,LY,11/4/2020 9:58
347,Butterworth,5.4,100.36,84.2,79,20,5.82,MY,11/4/2020 9:58
348,Kyabe,9.45,18.94,94.95,29,84,8.59,TD,11/4/2020 9:58
349,Camargo,27.67,-105.17,52.29,55,0,1.68,MX,11/4/2020 9:58
350,Marakkanam,12.2,79.95,84.76,70,68,11.9,IN,11/4/2020 9:58
351,Barranquilla,10.96,-74.8,77,94,0,3.36,CO,11/4/2020 9:58
352,Sitka,57.05,-135.33,35.6,93,90,8.05,US,11/4/2020 9:57
353,Parana,-31.73,-60.52,64,72,0,4,AR,11/4/2020 9:58
354,Algeciras,36.13,-5.45,64.4,82,75,10.29,ES,11/4/2020 9:58
355,Palu,-0.89,119.87,79.11,79,81,0.92,ID,11/4/2020 9:58
356,Lianran,24.92,102.48,63,93,40,11.18,CN,11/4/2020 9:58
357,Port Macquarie,-31.43,152.92,62.01,80,72,8.72,AU,11/4/2020 9:58
358,Ancud,-41.87,-73.82,48,87,20,9.17,CL,11/4/2020 9:58
359,Itaituba,-4.28,-55.98,75.87,86,85,1.83,BR,11/4/2020 9:58
360,Turukhansk,65.82,87.98,10.81,96,99,5.46,RU,11/4/2020 9:58
361,Coihaique,-45.58,-72.07,48.2,93,40,6.93,CL,11/4/2020 9:58
362,Trat,12.5,102.5,86,66,20,8.05,TH,11/4/2020 9:58
363,Bafoulabe,13.81,-10.83,91.89,20,0,5.21,ML,11/4/2020 9:58
364,Gambiran,-6.8,111.5,82.94,74,77,5.68,ID,11/4/2020 9:58
365,Nyagan,62.14,65.39,39.61,82,75,13.47,RU,11/4/2020 9:58
366,Sri Aman,1.24,111.46,82.4,83,40,5.82,MY,11/4/2020 9:58
367,Bandarbeyla,9.49,50.81,79.79,63,1,19.06,SO,11/4/2020 9:58
368,Bam,29.11,58.36,81.21,13,0,10.47,IR,11/4/2020 9:58
369,Funtua,11.52,7.31,84.58,24,35,17.76,NG,11/4/2020 9:58
370,Vire,48.92,-0.83,46.4,81,0,2.24,FR,11/4/2020 9:58
371,Taman,45.21,36.72,55.4,71,40,20.13,RU,11/4/2020 9:58
372,Sangar,63.92,127.47,-5.48,91,44,5.93,RU,11/4/2020 9:58
373,Ipora,-16.44,-51.12,70.21,62,22,4.38,BR,11/4/2020 9:58
374,East London,-33.02,27.91,73.4,78,75,10.29,ZA,11/4/2020 9:58
375,Nioki,-2.72,17.68,94.59,44,46,2.26,CD,11/4/2020 9:58
376,Port Augusta,-32.5,137.77,59,77,75,23.04,AU,11/4/2020 9:58
377,Grindavik,63.84,-22.43,46.4,100,75,20.8,IS,11/4/2020 9:58
378,Tacuarembo,-31.73,-55.98,49.84,90,4,8.66,UY,11/4/2020 9:58
379,Batemans Bay,-35.72,150.18,68.43,70,98,9.19,AU,11/4/2020 9:58
380,Mecca,21.43,39.83,91.24,34,0,6.38,SA,11/4/2020 9:54
381,Pemangkat,1.17,108.97,81.36,77,100,7.76,ID,11/4/2020 9:58
382,Kavaratti,10.57,72.64,83.05,70,1,5.39,IN,11/4/2020 9:59
383,Bahia Blanca,-38.72,-62.27,64.4,61,72,15.73,AR,11/4/2020 9:59
384,Ayorou,14.73,0.92,93.43,15,100,16.51,NE,11/4/2020 9:59
385,Naze,28.37,129.48,68,56,75,17.22,JP,11/4/2020 9:59
386,Maniitsoq,65.42,-52.9,33.53,88,100,40.96,GL,11/4/2020 9:59
387,Benguela,-12.58,13.41,80.6,74,40,11.41,AO,11/4/2020 9:59
388,Kango,0.19,10.1,81.64,79,90,0.81,GA,11/4/2020 9:59
389,Burla,21.5,83.87,89.6,33,0,1.12,IN,11/4/2020 9:59
390,Araguacu,-12.93,-49.83,72.61,94,100,6.58,BR,11/4/2020 9:59
391,Tigil,57.8,158.67,30.81,99,100,1.03,RU,11/4/2020 9:59
392,Manakara,-22.13,48.02,78.94,59,22,14.27,MG,11/4/2020 9:59
393,Cherepovets,59.13,37.9,46.4,87,90,6.71,RU,11/4/2020 9:59
394,Oktyabrskoye,43.06,44.74,60.8,44,3,2.24,RU,11/4/2020 9:59
395,Aykhal,66,111.5,-2.2,84,0,4.47,RU,11/4/2020 9:59
396,Nishihara,26.18,127.76,71.6,46,75,16.11,JP,11/4/2020 9:59
397,Miraflores,19.22,-98.81,44.6,87,5,4.7,MX,11/4/2020 9:59
398,Carlyle,38.61,-89.37,51.01,79,0,1.01,US,11/4/2020 9:56
399,Vanimo,-2.67,141.3,82.31,80,99,12.28,PG,11/4/2020 9:59
400,Matara,5.95,80.54,84.22,74,18,9.75,LK,11/4/2020 9:59
401,Jinji,23.23,110.83,71.55,61,54,4.29,CN,11/4/2020 9:59
402,Viransehir,37.24,39.76,69.85,45,100,13.51,TR,11/4/2020 9:59
403,Henties Bay,-22.12,14.28,64.99,79,8,11.05,NA,11/4/2020 9:59
404,Kalabo,-14.97,22.68,89.96,36,94,2.82,ZM,11/4/2020 9:59
405,Ibra,22.69,58.53,91.11,10,0,8.46,OM,11/4/2020 9:59
406,Qaqortoq,60.72,-46.03,33.8,69,99,20.8,GL,11/4/2020 9:59
407,Zhangjiakou,40.81,114.88,42.62,54,0,1.1,CN,11/4/2020 9:59
408,Nouakchott,18.09,-15.98,78.8,21,0,6.93,MR,11/4/2020 9:59
409,Evensk,61.95,159.23,31.93,98,100,15.99,RU,11/4/2020 9:59
410,Posadas,-27.37,-55.9,62.6,67,0,8.05,AR,11/4/2020 9:58
411,Wanning,18.8,110.4,73.85,79,100,16.26,CN,11/4/2020 9:59
412,Marrakesh,31.63,-8.01,64.4,82,75,5.82,MA,11/4/2020 9:55
413,Rock Sound,24.9,-76.2,77.94,79,100,30.47,BS,11/4/2020 9:55
414,Linxia,35.6,103.21,47.03,54,100,1.45,CN,11/4/2020 9:59
415,Sorong,-0.88,131.25,80.55,84,99,8.97,ID,11/4/2020 9:59
416,Ahuimanu,21.44,-157.84,80.6,83,90,8.05,US,11/4/2020 9:59
417,Namtsy,62.72,129.67,1.4,84,0,6.71,RU,11/4/2020 9:59
418,Hunchun,42.87,130.36,32.65,68,0,4.92,CN,11/4/2020 9:59
419,Camana,-16.62,-72.71,61.18,80,64,8.86,PE,11/4/2020 9:59
420,Aasiaat,68.71,-52.87,33.35,90,100,35.16,GL,11/4/2020 9:59
421,Ginir,7.13,40.7,71.98,49,29,7.49,ET,11/4/2020 9:59
422,Yankton,42.87,-97.4,48,80,1,3.36,US,11/4/2020 9:59
423,Labrea,-7.26,-64.8,73.15,96,100,1.16,BR,11/4/2020 9:59
424,Flagstaff,35.2,-111.65,55.99,57,1,2.57,US,11/4/2020 9:58
425,La Paz,-16.5,-68.15,30.2,92,40,5.82,BO,11/4/2020 9:59
426,Marsa Matruh,31.35,27.25,68,77,75,18.34,EG,11/4/2020 9:59
427,Cavalcante,-13.8,-47.46,68.41,88,100,2.8,BR,11/4/2020 9:59
428,Molina,-35.12,-71.28,53.6,71,90,6.93,CL,11/4/2020 9:59
429,Loralai,30.37,68.6,75.45,13,0,8.79,PK,11/4/2020 9:59
430,Ryotsu,38.08,138.43,48.2,87,75,14.99,JP,11/4/2020 9:59
431,Putatan,5.93,116.06,84.2,83,20,3.36,MY,11/4/2020 9:59
432,Baherden,38.44,57.43,75.85,15,0,14.74,TM,11/4/2020 9:59
433,Borba,-4.39,-59.59,75.81,88,94,1.45,BR,11/4/2020 9:59
434,Cururupu,-1.83,-44.87,80.6,78,100,5.55,BR,11/4/2020 9:59
435,Apple Valley,34.5,-117.19,55,40,0,4,US,11/4/2020 9:55
436,Homer,59.64,-151.55,23,47,1,5.82,US,11/4/2020 9:59
437,Valdivia,-39.81,-73.25,53.6,93,40,9.17,CL,11/4/2020 9:59
438,Half Moon Bay,37.46,-122.43,55.4,93,90,4.7,US,11/4/2020 9:59
439,Mindelo,16.89,-24.98,78.8,65,75,24.16,CV,11/4/2020 9:59
440,Darhan,49.49,105.92,31.03,87,98,4.23,MN,11/4/2020 9:59
441,Ardakan,32.31,54.02,77,11,0,2.24,IR,11/4/2020 9:59
442,Arlit,18.74,7.39,84.38,14,100,3.78,NE,11/4/2020 9:59
443,Leningradskiy,69.38,178.42,2.46,83,0,7.11,RU,11/4/2020 9:59
444,Mayor Pablo Lagerenza,-19.93,-60.77,69.21,43,0,1.86,PY,11/4/2020 9:59
445,Ostersund,63.18,14.64,41,69,0,6.93,SE,11/4/2020 9:59
446,Bani,18.28,-70.33,75.99,89,98,1.99,DO,11/4/2020 9:59
447,Dalvik,65.97,-18.53,55.4,50,75,20.8,IS,11/4/2020 9:59
448,Nioro,13.35,-15.75,86.54,50,0,6.38,GM,11/4/2020 9:59
449,Souris,49.62,-100.26,43,85,5,5.82,CA,11/4/2020 9:59
450,Sovetskiy,61.36,63.58,37.53,79,90,10.07,RU,11/4/2020 9:59
451,Ormond Beach,29.29,-81.06,59,93,40,9.24,US,11/4/2020 9:59
452,Goedereede,51.82,3.98,53.01,71,74,1.01,NL,11/4/2020 9:59
453,Caramay,10.18,119.24,81.23,81,100,6.22,PH,11/4/2020 9:59
454,Inirida,3.87,-67.92,72.93,98,100,1.68,CO,11/4/2020 9:59
455,Jieshi,22.81,115.83,77,64,1,21.9,CN,11/4/2020 9:59
456,Bilma,18.69,12.92,84.34,15,0,9.91,NE,11/4/2020 9:59
457,Haimen,23.19,116.61,73.4,53,0,11.18,CN,11/4/2020 9:59
458,Bundibugyo,0.74,30.04,87.75,46,86,5.08,UG,11/4/2020 9:59
459,Port-Gentil,-0.72,8.78,80.6,88,40,12.75,GA,11/4/2020 9:59
460,Nago,26.59,127.98,69.8,60,75,13.87,JP,11/4/2020 9:59
461,Mineiros,-17.57,-52.55,66.2,60,0,3.53,BR,11/4/2020 9:59
462,Aguimes,27.91,-15.45,73.4,73,40,19.46,ES,11/4/2020 9:59
463,Pangai,-19.8,-174.35,76.03,80,73,25.08,TO,11/4/2020 9:59
464,Bend,44.06,-121.32,57.2,41,1,16.11,US,11/4/2020 9:55
465,Halifax,44.65,-63.57,26.6,68,0,8.05,CA,11/4/2020 9:56
466,Deer Lake,49.17,-57.43,26.6,58,75,8.05,CA,11/4/2020 9:55
467,Malatya,38.5,38,55.4,87,75,6.93,TR,11/4/2020 9:59
468,Badarpur,24.9,92.6,79.7,89,24,3.56,IN,11/4/2020 9:59
469,Sao Joao Da Barra,-21.64,-41.05,68,88,90,6.93,BR,11/4/2020 9:59
470,Launceston,-41.45,147.17,55.4,50,40,6.93,AU,11/4/2020 9:59
471,Almenara,-16.18,-40.69,66.97,88,100,1.3,BR,11/4/2020 9:59
472,Manzil Kamil,35.62,10.67,69.8,77,84,4.7,TN,11/4/2020 9:59
473,Abonnema,4.71,6.79,78.8,94,75,2.51,NG,11/4/2020 9:59
474,Jumla,29.27,82.18,56.71,37,65,5.26,NP,11/4/2020 9:59
475,Tinskoy,56.15,96.92,28.26,92,99,8.3,RU,11/4/2020 9:59
476,Wanaka,-44.7,169.15,55.4,82,76,5.01,NZ,11/4/2020 9:59
477,Tromso,69.65,18.96,44.6,70,90,35.57,NO,11/4/2020 9:59
478,Aitape,-3.14,142.35,81.34,84,100,4.34,PG,11/4/2020 9:59
479,Hobyo,5.35,48.53,83.64,71,35,15.01,SO,11/4/2020 9:59
480,Pachino,36.72,15.09,71.01,72,0,2.01,IT,11/4/2020 9:59
481,Miyako,39.64,141.95,42.78,65,0,5.99,JP,11/4/2020 9:59
482,Harare,-17.83,31.05,80.01,43,66,10,ZW,11/4/2020 9:59
483,Cravinhos,-21.34,-47.73,60.8,82,0,3.36,BR,11/4/2020 9:59
484,Pacific Grove,36.62,-121.92,46.4,93,40,4.7,US,11/4/2020 9:59
485,Geraldton,-28.77,114.6,73.4,60,48,19.46,AU,11/4/2020 9:59
486,Gat,31.61,34.76,73,54,79,5.01,IL,11/4/2020 9:59
487,San Julian,21.02,-102.17,43.77,87,0,3.65,MX,11/4/2020 9:59
488,Eirunepe,-6.66,-69.87,73.4,87,91,0.58,BR,11/4/2020 9:59
489,Waipawa,-41.41,175.52,66.2,68,84,13.87,NZ,11/4/2020 9:59
490,Cimarron Hills,38.86,-104.7,60.8,22,1,11.41,US,11/4/2020 9:59
491,Honningsvag,70.98,25.97,39.2,69,0,19.46,NO,11/4/2020 9:59
492,Nemuro,43.32,145.57,28.4,79,20,4.7,JP,11/4/2020 9:59
493,Carutapera,-1.2,-46.02,79.77,82,100,4.65,BR,11/4/2020 9:59
494,Smithers,54.78,-127.17,33.8,100,90,2.24,CA,11/4/2020 9:59
495,Havre-Saint-Pierre,50.23,-63.6,15.8,66,1,11.41,CA,11/4/2020 9:59
496,Yar-Sale,66.83,70.83,26.37,99,99,5.44,RU,11/4/2020 9:59
497,Provideniya,64.38,-173.3,21.9,86,60,9.55,RU,11/4/2020 9:59
498,Pisco,-13.7,-76.22,60.01,87,4,3.36,PE,11/4/2020 9:59
499,Churapcha,62,132.43,-7.01,91,87,5.1,RU,11/4/2020 9:59
500,Constitucion,-35.33,-72.42,53.8,68,95,9.26,CL,11/4/2020 9:59
501,Bainbridge,47.63,-122.52,59,93,90,9.17,US,11/4/2020 9:59
502,Atikokan,48.76,-91.62,35.55,92,32,3.8,CA,11/4/2020 9:59
503,Wasilla,61.58,-149.44,8.6,60,1,5.82,US,11/4/2020 9:59
504,Tessalit,20.2,1.01,88.5,13,34,16.35,ML,11/4/2020 9:59
505,Dwarka,22.24,68.97,85.71,41,0,10.8,IN,11/4/2020 9:59
506,Takestan,36.07,49.7,71.6,20,40,6.93,IR,11/4/2020 9:59
507,Bottrop,51.52,6.92,52,93,0,1.99,DE,11/4/2020 9:59
508,Kruisfontein,-34,24.73,73.2,57,100,9.15,ZA,11/4/2020 9:59
509,Carmen,18.63,-91.83,76.46,77,97,13.89,MX,11/4/2020 9:57
510,Yumen,40.28,97.2,47.19,40,1,12.17,CN,11/4/2020 9:59
511,Kon Tum,14.35,108,74.37,74,100,3.94,VN,11/4/2020 9:59
512,Elizabeth City,36.29,-76.25,44.6,87,1,1.07,US,11/4/2020 9:55
513,Biak,-0.91,122.88,79.16,78,94,2.1,ID,11/4/2020 9:59
514,Terrace,54.52,-128.6,37.4,100,90,3.36,CA,11/4/2020 9:55
515,Olafsvik,64.89,-23.71,46.02,94,100,20.49,IS,11/4/2020 9:59
516,Venado Tuerto,-33.75,-61.97,62.01,57,0,11.01,AR,11/4/2020 9:59
517,Yulara,-25.24,130.99,82.4,39,79,24.16,AU,11/4/2020 9:59
518,Tamworth,52.63,-1.7,46,87,0,3.36,GB,11/4/2020 9:59
519,Long Beach,33.77,-118.19,60.8,87,1,2.75,US,11/4/2020 9:56
520,Morden,49.19,-98.1,42.8,55,0,3.36,CA,11/4/2020 9:54
521,Nelson Bay,-32.72,152.15,69.8,73,60,8.05,AU,11/4/2020 9:59
522,Iqaluit,63.75,-68.51,6.8,71,20,17.22,CA,11/4/2020 9:59
523,Tahe,52.33,124.73,18.23,93,43,5.91,CN,11/4/2020 9:59
524,Nanortalik,60.14,-45.24,35.08,84,100,13.49,GL,11/4/2020 9:59
525,Muscat,23.61,58.59,89.6,22,0,9.17,OM,11/4/2020 9:54
526,Nyakahanga,-1.6,31.14,82.45,43,35,4.85,TZ,11/4/2020 9:59
527,Kurilsk,45.23,147.88,38.03,80,99,27.76,RU,11/4/2020 9:59
528,Zeya,53.75,127.27,17.87,90,79,4.99,RU,11/4/2020 9:59
529,Brae,60.4,-1.35,46.4,70,40,17.22,GB,11/4/2020 9:59
530,Khani,41.96,42.96,75.2,41,0,27.51,GE,11/4/2020 9:59
531,Darovskoy,58.77,47.96,38.75,94,100,8.97,RU,11/4/2020 9:59
532,Mandera,3.94,41.87,88.86,48,66,6.53,KE,11/4/2020 9:59
533,Lashio,22.93,97.75,72.36,96,34,2.42,MM,11/4/2020 9:59
534,Zhigansk,66.77,123.37,-2.81,91,92,7.36,RU,11/4/2020 9:59
535,Kabompo,-13.59,24.2,86.09,40,98,10.11,ZM,11/4/2020 9:59
536,Phan Thiet,10.93,108.1,80.15,85,73,4.43,VN,11/4/2020 9:56
537,Sibenik,43.73,15.91,62.6,77,0,3.36,HR,11/4/2020 9:59
538,Weiser,44.25,-116.97,33.8,59,1,1.54,US,11/4/2020 9:59
539,Kapuskasing,49.42,-82.43,30.2,92,96,9.17,CA,11/4/2020 9:59
540,Toamasina,-18.17,49.38,82.4,58,40,9.17,MG,11/4/2020 9:59
541,Inuvik,68.35,-133.72,6.8,77,85,4.7,CA,11/4/2020 9:59
542,Giresun,40.5,38.5,66.2,68,75,3.36,TR,11/4/2020 9:59
543,Maragogi,-9.01,-35.22,79.65,75,56,10.18,BR,11/4/2020 9:59
544,Totness,5.88,-56.32,77.52,89,78,9.24,SR,11/4/2020 9:59
545,Alushta,44.67,34.42,62.37,63,86,8.79,UA,11/4/2020 9:59
546,Koson,39.04,65.58,73.4,13,0,4.7,UZ,11/4/2020 9:59
547,Chatham,51.38,0.53,44.01,94,0,5.46,GB,11/4/2020 9:59
548,Ngaoundere,7.32,13.58,78.8,57,40,6.93,CM,11/4/2020 9:59
549,Otofuke,42.99,143.2,41,44,20,16.11,JP,11/4/2020 9:59
550,Talaya,61.38,152.75,4.14,92,100,5.57,RU,11/4/2020 9:59
551,Wewak,-3.55,143.63,81.28,78,100,2.68,PG,11/4/2020 9:59
552,Tzucacab,20.07,-89.05,71.22,85,97,6.11,MX,11/4/2020 9:59
553,Pativilca,-10.7,-77.78,57.74,90,28,1.81,PE,11/4/2020 9:59
554,Kaka,37.35,59.61,74.44,15,0,7.67,TM,11/4/2020 9:59
555,Yinchuan,38.47,106.27,53.22,34,95,1.1,CN,11/4/2020 9:59
556,Gornopravdinsk,60.05,69.9,37,81,78,11.74,RU,11/4/2020 9:59
557,Puerto Varas,-41.32,-72.99,48.2,100,75,5.82,CL,11/4/2020 9:59
558,Si Sa Ket,14.83,104.33,82,99,46,6.51,TH,11/4/2020 9:59
559,Dhidhdhoo,6.88,73.1,82.63,62,0,0.74,MV,11/4/2020 9:59
560,Adrar,20.5,-10.07,85.15,14,0,8.43,MR,11/4/2020 9:59
561,Black Diamond,47.31,-122,59,100,91,5.06,US,11/4/2020 9:59
562,Hwange,-18.37,26.5,92.66,31,99,12.48,ZW,11/4/2020 9:59
